{
    "SRCNN_x2_BGR2YCrCb.pth": {
        "architecture": "SRCNN",
        "pretrained_model": null,
        "stride": 16,
        "patch_size": 32,
        "resize_rule": null,
        "train_file": "BSD500_train_HR",
        "valid_file": "BSD500_val_HR",
        "eval_file": "BSD500_eval_HR",
        "scale": 2,
        "mode": "BGR2YCrCb",
        "learning_rate": 0.0001,
        "seed": 1,
        "batch_size": 32,
        "num_epochs": 52,
        "num_workers": 8,
        "validation_losses": [
            0.0008539811965657758,
            0.0007263617028950624,
            0.0006888892125585766,
            0.0006779828972867108,
            0.000662612408646673,
            0.0006568007058007494,
            0.0007431424437949842,
            0.000669041840037618,
            0.0006463123077249226,
            0.0006469286995430111,
            0.0006435470569564125,
            0.0006553848454203924,
            0.0006332063282312473,
            0.0006288828517775324,
            0.0006313528446331479,
            0.0006271944291637464,
            0.0006240183797886122,
            0.0006227278824749599,
            0.0006238673112096893,
            0.0006193239232173093,
            0.0006382903522443444,
            0.0006236119250704952,
            0.0006204028933302942,
            0.0006230234147106287,
            0.0006212014395376481,
            0.0006472245595432469,
            0.0006177647970327913,
            0.0006157312707833229,
            0.0006437190852104511,
            0.0006124930812255456,
            0.0006214265860728877,
            0.0006162182576169262,
            0.0006131146710062922,
            0.000616661786382092,
            0.0006127021884366894,
            0.0006116541184708972,
            0.0006166486627250371,
            0.0006148177924947562,
            0.0006595936082007584,
            0.0006101140945097609,
            0.0006089676059544495,
            0.0006071373547874236,
            0.0006078819358335179,
            0.0006095144331332393,
            0.0006184966911958339,
            0.0006083450334316674,
            0.0006118339678208397,
            0.0006091453003174348,
            0.0006099162565400765,
            0.0006111364442806998,
            0.0006165601177724101,
            0.0006166833733917414
        ],
        "training_losses": [
            0.0030814857035504338,
            0.0007294515150758695,
            0.0006616731679971876,
            0.000644276621351991,
            0.000622584059507584,
            0.000620842689389109,
            0.0006033248122952464,
            0.0006027494800063092,
            0.0006002603335230356,
            0.0005915434285653666,
            0.0005874113152026413,
            0.0005862592848078675,
            0.0005801433584439827,
            0.0005792367396226867,
            0.0005735731949437895,
            0.0005732209545298544,
            0.0005706978987984039,
            0.0005703761922988224,
            0.0005664331691930269,
            0.0005650337026522018,
            0.0005653924214115542,
            0.0005627058413529771,
            0.0005617672170818361,
            0.0005629661585668573,
            0.0005583658286031245,
            0.0005576972409167811,
            0.0005553092637666452,
            0.0005554408170086455,
            0.0005554243941146001,
            0.0005547323572076732,
            0.0005536448866577377,
            0.0005529325942085927,
            0.0005524096420459515,
            0.0005503480034484801,
            0.0005514386164776298,
            0.0005499445270398419,
            0.0005500471293836193,
            0.0005490843024224087,
            0.0005491249985482822,
            0.0005486598732073335,
            0.0005474329010495877,
            0.0005476610504930481,
            0.0005471468686801123,
            0.0005482857957745092,
            0.0005447100784424949,
            0.000545464711990198,
            0.0005463206131299387,
            0.0005439850909810951,
            0.0005451026712038695,
            0.0005442306046709689,
            0.000543633986008576,
            0.0005434399451876561
        ],
        "completion_time": 2334,
        "completion_status": "Completed",
        "timestamp": "2025-04-24 11:39:19",
        "eval_metrics": {
            "MSE": 0.0005,
            "PSNR": 33.8633,
            "SSIM": 0.9574,
            "MSSIM": 0.9972,
            "LPIPS": 0.059
        }
    },
    "SRCNN_x4_BGR2YCrCb.pth": {
        "architecture": "SRCNN",
        "pretrained_model": null,
        "stride": 16,
        "patch_size": 32,
        "resize_rule": null,
        "train_file": "BSD500_train_HR",
        "valid_file": "BSD500_val_HR",
        "eval_file": "BSD500_eval_HR",
        "scale": 4,
        "mode": "BGR2YCrCb",
        "learning_rate": 0.0001,
        "seed": 1,
        "batch_size": 32,
        "num_epochs": 95,
        "num_workers": 8,